Name;Land.code
47551;5
52477;5
52159;5
52156;5
52152;5
52382;5
54298;7
47506;5
54647;7
54316;7
47139;5
50259;5
40468;5
54552;7
40470;5
40599;5
54413;7
45475;5
50739;5
66636;10
66117;10
50968;5
56825;7
53125;5
55767;7
48720;5
79822;8
35759;6
76437;8
49143;3
26122;3
76532;8
79790;8
55252;6
76764;7
35684;6
76189;8
67577;7
26936;3
67365;7
59557;5
27801;3
59602;5
67117;7
57614;7
56307;7
66862;7
55596;7
56337;7
67732;7
56348;7
67759;7
79429;8
56349;7
67697;7
49497;5
56132;7
65391;7
57627;7
57520;7
49536;5
67808;7
67693;7
67728;7
59469;5
65582;7
65626;7
67468;7
55578;7
59519;5
59823;5
57234;5
67308;7
77787;8
67157;7
26903;3
26465;3
66504;7
56323;7
58515;5
48159;5
56743;7
55776;7
55483;7
56751;7
24783;1
73054;8
73113;8
36277;6
88471;8
37120;3
30629;3
29649;3
88260;8
31137;3
24399;1
73566;8
37075;3
97657;9
20359;2
73434;8
97647;9
23812;1
24113;1
73433;8
97534;9
22159;2
89520;8
99819;16
89168;8
37197;3
87779;9
87752;9
89567;8
89428;9
24638;1
98639;16
38644;3
89358;9
24238;1
86735;9
96160;9
89365;9
22946;1
87742;9
91463;9
38114;3
67061;7
32361;5
33154;5
35585;6
64683;6
78662;8
75196;8
75045;8
33161;5
69469;8
28719;4
27616;3
60594;6
61118;6
33175;5
61206;6
27245;3
63150;6
32429;5
32547;5
64395;6
64853;6
31595;3
71069;8
25774;1
71106;8
28325;4
21785;3
27412;3
71739;8
74252;8
35279;6
63679;6
25866;1
31719;3
25785;1
70806;8
63768;9
71640;8
74731;8
63857;9
71332;8
31867;3
74736;8
73230;8
91459;9
91622;9
38162;3
38319;3
38165;3
29389;3
91737;9
91586;9
86685;9
96188;9
86485;9
99100;16
86925;9
96190;9
86507;9
86179;9
91336;9
6493;15
90441;9
24867;1
73262;8
36364;6
34327;6
24819;1
73101;8
21646;3
73087;8
34286;6
73344;8
97854;9
25336;1
97959;8
92348;9
19053;13
95496;9
85077;9
85764;9
80634;9
85307;9
85391;9
85386;9
80538;9
39112;15
6638;15
95233;9
85579;9
85414;9
92237;9
83703;9
6198;15
95686;9
84091;9
83737;9
85368;9
92286;9
7919;14
39590;15
93161;9
6258;15
83075;9
85659;9
84098;9
83558;9
16866;12
83527;9
14715;15
83131;9
93197;9
6842;15
14728;12
6772;15
4639;16
4275;14
8115;14
4347;14
4299;14
8147;14
14797;12
92557;9
84550;9
8315;14
9224;14
83413;9
93476;9
94447;9
9484;14
94486;9
17109;13
18516;13
94501;9
14482;12
94551;9
94137;9
9514;14
18574;13
18569;13
9618;14
94169;9
17036;13
10713;11
10625;11
12247;11
9600;14
94481;9
99099;16
86495;9
90461;9
90489;9
82418;9
86701;9
19075;13
91355;9
95359;9
6571;16
82110;9
29491;3
91242;9
6333;15
1833;14
16306;12
1906;14
2627;14
15236;12
3149;12
2727;14
94121;9
94545;9
3238;12
1468;14
17389;13
1945;12
17449;13
55608;7
49844;3
49832;3
25488;1
25337;1
24354;1
89188;8
97797;9
88433;8
24367;1
37124;3
97297;9
24616;1
24395;1
74423;8
22549;2
21079;2
97072;9
97725;9
31084;3
24539;1
97218;9
89233;9
97440;9
24626;1
22889;1
24229;1
36452;16
21445;3
24159;1
23863;1
21441;3
29342;3
87751;9
22926;1
97506;9
38272;3
97348;9
23829;1
97640;9
21423;3
87439;9
89447;9
21391;3
22961;1
23847;1
87739;9
99974;16
91567;9
91443;9
22959;1
87653;9
64584;6
65795;6
68165;8
61350;6
68259;8
32369;5
72213;8
60529;6
68535;8
64342;6
78266;8
27711;3
32791;5
33098;5
78262;8
69250;8
63071;6
61138;6
34516;6
63179;6
28205;4
25821;1
74374;8
25870;1
28355;4
78567;8
25917;1
69412;8
21772;3
63796;9
25858;1
71701;8
70197;8
78465;8
71111;8
63843;9
36325;6
72820;8
70469;8
70439;8
25855;1
63839;9
63920;9
74354;8
63856;9
63936;9
24983;1
63927;9
72649;8
72531;8
24896;1
24988;1
31555;3
36280;6
25569;1
73277;8
49638;3
55450;7
79194;8
77749;8
79106;8
48231;5
76857;7
27498;1
56472;7
79286;8
65624;7
76831;7
65589;6
77704;8
65629;7
79837;8
65554;6
65550;6
76872;7
49179;3
65396;6
77740;8
26123;3
76456;8
35685;6
35683;6
49324;3
26931;3
77773;8
61276;6
78089;8
76597;8
67065;7
36154;6
97906;9
24991;1
97846;9
88085;8
25551;1
36391;6
97837;9
97799;9
97264;9
51709;5
44141;5
66509;7
56291;7
67744;7
56076;7
66953;7
79589;8
49699;3
56338;7
56753;7
56598;7
26605;3
6484;15
82284;9
91364;9
99428;16
91322;9
7407;16
96268;9
91349;9
39624;15
91327;9
85049;9
82340;9
82131;9
91245;9
82152;9
91282;9
93348;9
85617;9
85469;9
39319;15
7545;16
84069;9
18055;13
93173;9
83134;9
84169;9
84171;9
6729;15
93170;9
83564;9
83536;9
92431;9
8451;14
93086;9
4157;14
93191;9
8056;14
92693;9
83308;9
93488;9
93413;9
94365;9
84323;9
9322;14
94354;9
83362;9
8340;14
9117;14
9419;14
4861;14
94542;9
18573;13
14974;12
94496;9
94535;9
94148;9
14195;11
14167;11
9599;14
14059;11
94518;9
13467;11
10553;11
10623;11
94152;9
12053;11
54536;7
45892;5
45879;5
53175;5
56814;7
53113;5
48607;5
55765;7
53173;5
42107;5
42855;5
53797;5
44628;5
44803;5
56659;7
47652;5
52457;5
47495;5
66780;10
41472;5
54314;7
47167;5
40233;5
41539;5
54426;7
50667;5
45145;5
66133;10
85057;9
99510;16
85304;9
83646;9
83623;9
80992;9
7751;16
95339;9
85126;9
7806;16
93333;9
85406;9
85445;9
85417;9
95191;9
18239;13
6388;15
6369;15
95508;9
6120;15
93342;9
98587;16
23860;1
38102;3
38524;3
23560;1
38700;3
91743;9
87659;9
38170;3
96170;9
23744;1
98559;16
23569;1
86983;9
21371;3
91086;9
98693;16
96049;9
38154;3
38382;3
86694;9
86931;9
82409;9
96231;9
90765;9
99638;16
82380;9
12059;11
10369;11
94078;9
12555;11
1156;14
1445;14
15748;12
1809;14
1237;14
17321;13
2959;14
2943;14
2923;14
39435;15
91217;9
83670;9
80689;9
80687;9
85411;9
39418;15
95494;9
7389;16
19417;13
85290;9
82024;9
92280;9
95236;9
6406;15
95213;9
39579;15
84104;9
95152;9
39217;15
85464;9
85591;9
93358;9
83620;9
19376;13
85614;9
82398;9
91332;9
86577;9
82499;9
82239;9
29485;3
86567;9
6467;15
82444;9
86579;9
96352;9
19061;13
6682;15
6118;15
18258;13
83543;9
6847;15
18182;13
95643;9
84428;9
4610;16
84092;9
84539;9
4416;14
92542;9
83250;9
83352;9
93426;9
83324;9
83377;9
4821;14
18356;13
93499;9
9385;14
84567;9
16818;12
94234;9
93480;9
9465;14
14947;12
94253;9
94140;9
9437;14
94544;9
9569;14
94269;9
14163;11
14169;11
94113;9
12105;11
94161;9
13359;11
12099;11
10439;11
12049;11
25581;1
21259;3
25563;1
74547;8
37186;3
30459;3
30165;3
36179;6
25579;1
30163;3
73072;8
36145;6
24814;1
30938;3
24409;1
31180;3
97779;9
24241;1
29633;3
20459;2
20148;2
37293;6
89177;8
22309;2
89257;9
87452;9
24619;1
87789;9
73488;8
98617;16
91637;9
31224;3
23845;1
87736;9
86519;9
87437;9
87477;9
91614;9
99842;16
98631;16
22929;1
21493;1
38690;3
37445;3
35641;6
68804;8
61440;6
26954;3
25859;1
32312;5
65936;6
33729;5
72227;8
25849;1
64285;6
33818;5
60435;6
60318;6
35119;6
74939;8
78576;8
32457;5
72469;8
25709;1
72477;8
34537;6
71282;8
72108;8
21781;3
32699;5
74369;8
25779;1
25862;1
74211;8
21756;3
21727;3
72818;8
25879;1
63829;9
72513;8
25788;1
31627;3
31622;3
31699;3
24852;1
88697;8
37647;3
71397;8
34587;6
88271;8
73207;8
25376;1
25588;1
21516;1
86479;9
96154;9
86738;9
97522;9
23919;1
21401;3
86655;9
23566;1
19273;3
86980;9
86517;9
86977;9
96161;9
96484;9
38375;3
38387;3
38470;3
86343;9
86169;9
29496;3
90768;9
86504;9
91056;9
99094;16
91353;9
91798;9
86574;9
91052;9
91083;9
96271;9
54617;7
52223;5
52249;5
47608;5
54687;7
54457;7
46395;5
54329;7
46483;5
50127;5
54292;7
50129;5
66802;10
54579;7
54344;7
40221;5
47269;5
40213;5
40227;5
45476;5
54347;7
50823;5
50672;5
56766;7
48734;5
50999;5
66557;10
66646;10
51065;5
45894;5
42551;5
53123;5
42655;5
79235;8
79361;8
56068;7
55432;7
67714;7
56203;7
67688;7
56271;7
79365;8
66994;7
67823;7
57581;7
12045;11
12057;11
13125;11
12557;11
12623;11
1139;14
1920;14
1900;14
3046;12
2999;14
3053;12
2779;14
2894;14
66484;7
44139;5
56218;7
57641;7
58093;5
48268;5
66955;7
57413;5
57586;7
57223;5
56470;7
65388;6
77855;8
56370;7
77833;8
77736;8
77815;8
55234;7
79774;8
97852;9
21680;3
24797;1
34233;6
73278;8
34212;6
97778;9
24837;1
97839;9
71540;8
36251;6
88213;8
97753;9
65199;6
59329;5
79809;8
49393;3
67482;7
77880;8
78147;8
67158;7
67551;7
65468;6
42659;5
66131;10
51519;5
56745;7
42105;5
66459;10
44801;5
53547;7
58455;5
53819;5
56288;7
56637;7
58339;5
54597;7
54646;7
52353;5
46519;5
41516;5
47800;5
40668;5
54295;7
50226;5
46348;5
40479;5
40477;5
66359;10
40235;5
40597;5
50939;5
54538;7
46238;5
54424;7
56826;7
53501;7
42549;5
56864;7
45768;5
79258;8
67752;7
58511;5
55422;7
55442;7
79353;8
58553;5
56564;7
58095;5
55618;7
44328;5
79415;8
58119;5
55499;7
59368;5
57638;7
48369;5
45289;5
66583;10
53227;5
42109;5
44652;5
66440;10
26721;3
66539;10
45663;5
66450;10
56865;7
44805;5
56290;7
66909;7
35719;6
78050;8
78737;8
59955;5
65931;6
68753;8
35625;6
32130;5
68549;8
61449;6
27476;3
33758;5
64404;6
76694;8
76669;8
32584;5
75172;8
35396;6
27755;3
32832;5
21776;3
69251;8
33189;5
78586;8
64689;6
74931;8
35287;6
71155;8
25853;1
63762;9
25860;1
34632;6
63584;6
88662;8
63939;9
25873;1
63739;9
63688;6
34628;6
74376;8
63589;6
70176;8
21755;3
72762;8
70629;8
63849;9
74076;8
34308;6
88699;8
72766;8
70374;8
71686;8
21737;3
31558;3
27308;3
74232;8
34317;6
71717;8
72664;8
27336;3
71409;8
21702;3
88348;8
88376;8
31637;3
36367;6
88374;8
74538;8
37217;6
30169;3
89180;8
97786;9
24576;1
30916;3
22609;2
24366;1
97792;9
74426;8
22769;2
31141;3
97243;9
24109;1
22851;1
24625;1
73489;8
36460;16
21442;3
89518;8
22117;2
89293;9
97654;9
31246;3
24146;1
97456;9
97532;9
89312;9
87761;9
29364;3
87784;9
23813;1
86489;9
97529;9
36448;16
99848;16
73467;8
89349;9
24321;1
87647;9
23820;1
21379;3
99891;16
87663;9
87651;9
23911;1
91315;9
38899;15
86857;9
96179;9
86157;9
86937;9
99092;16
86154;9
96250;9
96050;9
86704;9
98746;16
99097;16
99610;16
79115;8
56355;7
67813;7
79664;8
49504;5
77652;8
79737;8
77791;8
65307;6
79215;8
79297;8
56479;7
76833;7
76835;7
49413;3
67433;7
76865;7
76768;7
76770;7
26209;3
67256;7
67586;7
57334;5
76761;7
35713;6
55299;7
65239;6
59558;5
67069;7
76332;8
24805;1
36287;6
71560;8
73669;8
21720;3
73035;8
97277;9
24357;1
30855;3
7338;16
82069;9
19055;13
85107;9
85053;9
91224;9
85092;9
6279;15
92268;9
85129;9
80802;9
81927;9
93155;9
39291;15
7926;16
83629;9
18249;13
7629;16
7613;16
95683;9
83080;9
8523;14
92670;9
83139;9
84166;9
95652;9
83093;9
6803;15
6808;15
17214;13
8459;14
4277;14
95698;9
8262;14
94345;9
93491;9
8328;14
84160;9
8309;14
8396;14
17192;13
4808;14
16833;12
84553;9
94522;9
93486;9
94559;9
8344;14
16827;12
93479;9
84387;9
14469;12
9430;14
9518;14
13587;11
16761;12
1623;14
1589;14
9633;14
94104;9
10367;11
18546;13
94143;9
1773;14
1778;14
3222;12
15326;12
15518;12
2799;14
2957;14
2796;14
82362;9
90409;9
90478;9
82279;9
39387;15
85128;9
39345;15
85116;9
85254;9
85259;9
85253;9
99628;16
96369;9
6456;15
6542;15
29471;3
82377;9
85113;9
6122;15
95168;9
84079;9
93186;9
92702;9
6688;15
18059;13
83064;9
92637;9
93047;9
92551;9
4435;14
83547;9
16845;12
17209;13
6749;15
8485;14
18190;13
4519;14
4177;14
93199;9
84559;9
17194;13
8248;14
4288;14
6886;15
4654;14
18374;13
84529;9
17237;13
9122;14
14624;12
94491;9
94547;9
9603;14
14513;12
13465;11
10717;11
9638;14
10779;11
15831;12
1612;14
17491;13
12051;11
13088;11
12489;11
12685;11
12679;11
12627;11
1257;14
1454;14
1796;14
17375;13
1829;14
1996;12
3044;12
3197;12
15232;12
59069;5
57572;7
55543;7
67677;7
79102;8
57629;7
79199;8
57567;7
55576;7
59755;5
49692;3
49082;3
57074;5
79856;8
59889;5
52070;5
54619;7
52224;5
47589;5
47627;5
52428;5
54668;7
46419;5
41238;5
54634;7
54657;7
54294;7
54570;7
54296;7
50170;5
54331;7
47228;5
54317;7
54320;7
53520;7
53919;5
40210;5
40211;5
45472;5
48712;5
45131;5
54486;7
42329;5
48739;5
66879;7
44532;5
59192;5
56341;7
48151;5
56276;7
79597;8
51702;5
79639;8
67706;7
57636;7
56133;7
67707;7
67661;7
58791;5
79650;8
79108;8
67821;7
57439;5
49191;3
79853;8
35794;6
65606;6
26127;3
67592;7
55128;7
59597;5
67591;7
67550;7
78144;8
79787;8
53560;7
44892;5
56294;7
44379;5
56330;7
59379;5
42651;5
56858;7
45661;5
26725;3
56829;7
91239;9
23972;13
82538;9
91235;9
92283;9
6648;15
7343;16
81479;9
85119;9
80797;9
82008;9
7774;16
39124;15
84072;9
95188;9
95478;9
82433;9
6578;16
91356;9
99198;16
91359;9
91177;9
99438;16
82441;9
23946;13
82216;9
6543;15
82234;9
23966;13
23996;13
95349;9
39340;15
73037;8
73102;8
74417;8
74542;8
22589;2
97265;9
21149;2
88444;8
37215;6
21266;3
37154;3
22527;2
89081;9
21077;2
37077;3
22453;2
97255;9
36414;16
24107;1
97253;9
20249;2
21438;3
22177;2
22111;2
24145;1
97720;9
22045;2
31226;3
36469;16
74579;8
89294;9
38271;3
37359;16
97711;9
99976;16
98597;16
89335;9
23869;1
97469;9
23843;1
36456;16
97353;9
22927;1
38275;3
38707;3
86742;9
38179;3
96157;9
98593;16
21502;1
87745;9
89438;9
91717;9
76131;8
76359;8
76297;8
78078;8
78667;8
68229;8
75328;8
64297;6
69226;8
72202;8
60389;6
28239;4
25845;1
75438;8
78583;8
31606;3
78601;8
35447;6
33184;5
74924;8
78357;8
63791;9
64747;6
71063;8
25715;1
70563;8
74080;8
31855;3
74254;8
25872;1
25887;1
70188;8
24992;1
74229;8
24997;1
72622;8
72663;8
88719;8
31848;3
34225;6
34576;6
88693;8
31868;3
88499;8
27383;3
86825;9
98663;16
96106;9
38173;3
86744;9
23883;1
91719;9
23626;1
90579;9
91757;9
91097;9
86700;9
38889;15
29465;3
38471;3
91091;9
91341;9
90522;9
91187;9
29479;3
19249;13
96155;9
34119;6
37627;3
31020;3
34260;6
34359;6
24882;1
97842;9
21635;3
6667;15
95100;9
6686;15
83109;9
95186;9
92703;9
84030;9
84088;9
83115;9
6766;15
18184;13
84419;9
92436;9
4442;14
6774;15
84109;9
84573;9
8066;14
84177;9
14823;12
94363;9
4680;14
9353;14
8359;14
16816;12
16831;12
94374;9
94505;9
9235;14
93458;9
94533;9
17217;13
14612;12
13593;11
13589;11
18556;13
94258;9
14050;11
94081;9
13509;11
94513;9
12207;11
10823;11
10178;11
15938;12
12529;12
95326;9
85221;9
95512;9
92367;9
93336;9
7743;16
95448;9
80469;9
80807;9
81669;9
39221;15
19374;13
84048;9
18225;13
92249;9
39114;15
85665;9
85419;9
85435;9
92266;9
86570;9
86529;9
82481;9
82343;9
85051;9
25938;1
68642;6
78086;8
49453;3
68161;8
61273;6
75389;8
72160;8
65934;6
33719;5
60489;6
35094;6
27619;3
60437;6
69198;8
75173;8
69168;8
27721;3
75056;8
78592;8
71120;8
35114;6
64760;6
78256;8
32423;5
63450;6
74921;8
71034;8
71093;8
31691;3
63801;9
63699;6
72124;8
31749;3
78479;8
74321;8
27324;3
88630;8
70190;8
74722;8
34289;6
34379;6
34388;6
25786;1
63637;6
74746;8
36093;6
24613;1
73079;8
21629;3
97267;9
74429;8
25499;1
97204;9
97262;9
22081;2
97502;9
73432;8
91625;9
22147;2
22885;1
24148;1
87730;9
21039;1
87463;9
23867;1
23795;1
38176;3
38539;3
91613;9
97499;9
29369;3
89435;9
99759;16
91725;9
86871;9
38550;3
23556;1
86733;9
91462;9
98528;16
87645;9
96191;9
29597;3
29499;3
19260;13
86943;9
86316;9
38486;15
82435;9
82272;9
91054;9
34277;6
88527;8
34399;6
25489;1
34346;3
97941;8
37635;3
29643;3
88287;8
88131;9
1689;14
16356;12
15745;12
16225;12
1187;14
94145;9
1189;14
17440;13
15528;12
17438;13
1825;14
1819;14
17322;13
15306;12
2625;14
15295;12
2791;14
41169;5
54439;7
47877;5
46399;5
54308;7
47805;5
54578;7
40545;5
53879;5
54427;7
50769;5
66839;10
45481;5
40627;5
54349;7
50825;5
46286;5
45966;5
50735;5
45149;5
51377;5
45899;5
66280;10
44225;5
48161;5
58579;5
56220;7
26434;3
56412;7
57583;7
49610;3
57078;5
55437;7
49078;3
49596;3
48336;5
55435;7
65347;6
57271;5
79725;8
67473;7
56269;7
56182;7
56322;7
26670;3
59077;5
79238;8
49586;3
56377;7
66999;7
55624;7
44894;5
53804;5
56295;7
58313;5
53577;7
55619;7
45276;5
51145;5
66606;10
66564;10
56812;7
56843;7
42279;5
48488;3
42897;5
67435;7
65614;6
59505;5
67271;7
55122;7
26939;3
7570;16
19399;13
85456;9
6184;15
8541;14
4249;14
6800;15
93189;9
4129;14
4603;16
94368;9
93185;9
83355;9
84513;9
84543;9
84558;9
93495;9
4880;14
93437;9
17153;13
94562;9
9116;14
94469;9
9120;14
9487;14
4769;14
93453;9
94239;9
84359;9
84364;9
18439;13
14089;11
17129;13
18528;13
12165;11
10789;11
13349;11
10825;11
1609;14
10781;11
16348;12
13127;11
17495;13
94142;9
97280;9
36037;6
88368;8
97259;9
30159;3
88436;8
25495;1
24622;1
30655;3
37247;6
97291;9
97723;9
24646;1
37214;6
31275;3
31177;3
37581;3
21228;3
24534;1
36404;16
24247;1
89073;8
97228;9
89189;8
20097;2
88481;8
74589;8
24641;1
97618;9
22113;2
87480;9
21035;2
87758;9
31234;3
97342;9
89340;9
97493;9
29358;3
87487;9
22949;1
89192;8
87767;9
89537;8
86498;9
97525;9
87549;9
23824;1
87541;9
23823;1
89415;9
91617;9
87499;9
97491;9
98630;16
29386;3
87654;9
91460;9
99991;16
52525;5
52076;5
52064;5
46459;5
54636;7
41747;5
52372;5
54455;7
50126;5
54576;7
54338;7
54429;7
66352;10
40591;5
40629;5
26571;3
66620;10
45219;5
50737;5
54484;7
53340;5
50996;5
26723;3
66130;10
55758;7
53225;5
42555;5
45527;5
53572;7
56859;7
66877;7
66987;7
56070;7
67685;7
85276;9
95365;9
85293;9
6647;15
81377;9
39343;15
80335;9
39443;15
39576;15
81541;9
85609;9
92289;9
93343;9
85598;9
83734;9
83727;9
9623;14
1776;14
17337;13
3246;12
1307;14
1987;12
1328;14
3229;12
2991;14
3116;12
3051;12
15898;12
3159;12
91154;9
39397;15
91790;9
96196;9
82346;9
96260;9
7429;16
90537;9
86673;9
96328;9
96342;9
85302;9
92361;9
78087;8
68159;8
67122;7
72293;8
75334;8
72294;8
59969;6
35584;6
75210;8
72299;8
68789;8
64390;6
78607;8
78554;8
64283;6
60596;6
28717;4
60313;6
78588;8
35418;6
32108;5
63067;6
32758;5
69256;8
35469;6
64354;6
75449;8
69436;8
72119;8
78579;8
27246;3
28329;4
34630;6
74847;8
72479;8
31618;3
78355;8
21745;3
63579;6
27337;3
32816;5
72419;8
72138;8
70178;8
72657;8
78464;8
25782;1
72760;8
72764;8
88682;8
72666;8
63636;6
31700;3
74196;8
73257;8
34295;6
21717;3
34393;6
24855;1
73779;8
97843;9
73268;8
21397;3
38106;3
90616;9
86660;9
99897;16
23629;1
86860;9
91710;9
86500;9
38327;3
96151;9
99734;16
86807;9
87677;9
38479;3
38448;3
86920;9
86456;9
91564;9
86391;9
38836;15
98667;16
86956;9
29456;3
38462;3
91093;9
86674;9
91804;9
91166;9
99095;16
86949;9
99102;16
91080;9
67737;7
26683;3
79362;8
58849;5
56346;7
77933;8
77694;8
49492;5
55545;7
79688;8
65558;7
26340;3
76887;7
67729;7
55457;7
57399;5
49134;3
59269;5
77839;8
76829;7
79271;8
65549;6
65343;6
79875;8
74747;8
36286;6
30926;3
73095;8
97791;9
30900;3
74653;8
37127;3
67489;7
67598;7
67159;7
76776;7
67599;7
67595;7
35687;6
67585;7
67245;7
67133;7
55246;6
67578;7
79805;8
57548;7
79100;8
59757;5
59320;5
67819;7
77960;8
67475;7
59759;5
49434;3
49074;3
55270;7
79274;8
26203;3
47533;5
41844;5
52441;5
47906;5
47918;5
41236;5
66693;10
47803;5
47799;5
41464;5
47178;5
54340;7
54523;7
40219;5
40215;5
40229;5
40882;5
40625;5
51063;5
45138;5
48455;3
66299;10
53177;5
45889;5
26506;3
42349;5
45699;5
53840;5
26529;3
48727;5
55491;7
26826;3
56645;7
56626;7
59399;5
56589;7
66907;7
79367;8
79594;8
67701;7
55595;7
56249;7
77963;8
56422;7
56244;7
58840;5
56594;7
4910;12
15738;12
15746;12
1169;14
1159;14
94089;9
1731;14
15370;12
15562;12
1259;14
1324;14
17424;13
82547;9
81249;9
29478;3
81245;9
6268;15
7768;16
91230;9
23974;13
95361;9
95445;9
85778;9
80337;9
85283;9
81543;9
92355;9
85748;9
83679;9
6425;15
6246;15
39175;15
85405;9
85467;9
95237;9
95694;9
39264;15
92269;9
7554;16
84434;9
92449;9
95676;9
8543;14
7987;16
93095;9
18181;13
93092;9
84149;9
14828;12
14793;12
83253;9
4179;14
4565;14
84164;9
4289;14
18334;13
4329;14
4683;14
83349;9
16837;12
83373;9
17252;13
9243;14
94371;9
9399;14
9217;14
84489;9
84337;9
9228;14
94526;9
4774;14
94577;9
9405;14
18435;13
14480;12
94086;9
13585;11
13599;11
17279;12
13469;11
10707;11
16552;12
12307;11
73116;8
24358;1
89616;8
88456;8
24972;1
97950;8
24340;1
73557;8
21129;2
24402;1
97762;9
37079;3
97249;9
36163;6
74575;8
73574;8
22607;2
97209;9
24631;1
22767;2
24251;1
20144;2
29229;3
24161;1
22391;2
89291;9
97724;9
24147;1
97424;9
97334;9
91607;9
97517;9
29359;3
97421;9
99988;16
87760;9
97526;9
73495;8
73497;8
24306;1
21339;3
38543;3
87671;9
29367;3
38239;3
89426;9
99846;16
91611;9
97437;9
21403;3
87459;9
87657;9
29549;3
33333;5
78655;8
65812;6
35586;6
78176;8
78658;8
79807;8
64665;6
68542;8
76709;8
69514;8
78661;8
75331;8
60431;6
25881;1
69121;8
60320;6
69181;8
78594;8
61184;6
64397;6
60386;6
27729;3
75038;8
63065;6
64405;6
28201;4
35110;6
25718;1
63456;6
27305;3
63486;6
28307;4
74934;8
25719;1
33014;5
63683;6
71065;8
64750;6
31715;3
63937;9
74366;8
31688;3
31840;3
70794;8
74177;8
25767;1
63840;9
31626;3
34396;6
63633;6
31860;3
25596;1
71672;8
74255;8
34633;6
31542;3
74740;8
72584;8
21683;3
73249;8
29693;3
30890;3
27419;3
97836;9
85132;9
91795;9
6567;16
90443;9
82299;9
90455;9
96257;9
99625;16
39164;15
82205;9
82402;9
82347;9
90610;9
85110;9
82275;9
7330;16
6469;15
92334;9
86736;9
29575;3
97483;9
21354;3
23558;1
29584;3
91590;9
86486;9
86869;9
96184;9
96194;9
29413;15
86859;9
86987;9
90556;9
38474;3
86511;9
29410;15
82442;9
86643;9
91807;9
96123;9
86554;9
86666;9
90431;9
91330;9
86551;9
91094;9
65594;6
26382;3
49176;3
77756;8
57392;5
76879;7
55239;7
76877;7
67590;7
55120;7
67229;7
26135;3
79848;8
67363;7
67126;7
79843;8
27798;3
35690;6
76777;7
78052;8
67227;7
67374;7
76344;8
61479;6
67354;7
74749;8
71573;8
73269;8
24890;1
88379;8
88525;8
34320;6
34355;6
73349;8
21643;3
24809;1
36211;6
85447;9
95185;9
84107;9
92681;9
95680;9
84435;9
18106;13
6231;15
84405;9
18057;13
84066;9
92442;9
83556;9
6779;15
92439;9
92685;9
8261;14
84189;9
93192;9
4317;14
4318;14
4316;14
8289;14
18314;13
6905;15
9337;14
6888;15
18465;13
9247;14
94574;9
93471;9
84371;9
18445;13
9669;14
83487;9
94209;9
14558;12
4916;12
9434;14
9509;14
16556;12
16559;12
16562;12
12203;11
16567;12
12167;11
10715;11
10827;11
17489;13
61462;6
76139;8
76646;8
33605;5
33609;5
27478;3
27753;3
75236;8
75387;8
33813;5
60487;6
72224;8
75378;8
75239;8
32049;5
69488;6
35037;6
35039;6
61194;6
27252;3
75059;8
69257;8
61203;6
61137;6
28213;4
25832;1
78598;8
75428;8
74343;8
71665;8
74193;8
28879;3
32694;5
31737;3
63654;6
27404;3
25884;1
88634;8
36326;6
70192;8
31717;3
37696;5
70174;8
70599;8
74842;8
70376;8
74385;8
34560;6
63877;9
70734;8
88512;8
34590;6
36341;6
63874;9
88709;8
88090;8
72532;8
74182;8
73776;8
34132;6
72525;8
82057;9
85095;9
82064;9
7368;16
7745;16
92275;9
95447;9
95463;9
92363;9
81667;9
95138;9
6429;15
39218;15
95482;9
95197;9
85399;9
39240;15
93354;9
95030;9
6126;15
76889;7
79686;8
56457;7
26345;3
77781;8
59494;5
55286;7
76547;8
55262;7
88339;8
29614;3
24794;1
22559;2
37181;3
30161;3
36167;6
74532;8
21274;3
31199;3
74586;8
88430;8
37085;3
21227;3
22041;2
74597;8
89287;9
97340;9
97320;9
29339;3
36433;16
97332;9
21394;3
87727;9
29355;3
87770;9
38229;3
87490;9
89331;9
38542;3
87778;9
86513;9
87772;9
89353;9
86753;9
23701;1
86850;9
86872;9
99994;16
87679;9
86975;9
91802;9
23570;1
86447;9
86508;9
23774;1
38820;15
34134;6
25377;1
73266;8
88046;8
71577;8
37170;3
88074;8
24884;1
25370;1
24966;1
88149;9
36166;6
73104;8
65510;6
55126;7
35753;6
78132;8
49377;3
65187;6
55118;7
49457;3
33332;5
23769;1
82436;9
19209;13
82438;9
91338;9
90602;9
96142;9
90607;9
39619;15
92353;9
29475;3
13059;11
13057;11
18581;13
4928;12
12559;11
1097;14
1326;14
15344;12
15913;12
3099;12
3055;12
47624;5
54649;7
50189;5
54309;7
66740;10
54518;7
40474;5
47058;5
54528;7
45478;5
48683;5
54498;7
45468;5
66571;10
45896;5
42719;5
66132;10
79400;8
44289;5
55497;7
58509;5
51580;5
56329;7
79189;8
49549;5
67731;7
76891;7
67657;7
56427;7
44229;5
56332;7
51570;5
55621;7
66871;7
58285;5
55481;7
58453;5
26579;3
51399;5
56862;7
44879;5
49716;3
54483;7
44867;5
53721;5
79739;8
55452;7
79117;8
55546;7
57647;7
67098;7
79256;8
67487;7
67377;7
65597;6
33775;5
52066;5
41849;5
47546;5
41063;5
52388;5
66679;10
50169;5
47055;5
46147;5
40472;5
48703;5
51107;5
58091;5
44145;5
55471;7
56566;7
44269;5
66851;7
48496;5
79418;8
77794;8
65201;6
35767;6
49439;3
79865;8
67167;7
67150;7
33790;5
55276;7
58507;5
48147;5
58730;5
66957;7
48291;5
49525;5
79283;8
55585;7
56379;7
49733;3
53426;7
44869;5
53424;7
53179;5
26906;3
26844;3
91180;9
6485;15
38829;15
82445;9
96187;9
82291;9
99448;16
91362;9
23968;13
83676;9
90518;9
82335;9
82194;9
37139;3
74427;8
24401;1
88239;8
89605;8
89604;8
36219;6
21147;2
74595;8
88175;9
22547;2
37081;3
36269;6
88483;8
24369;1
37083;3
21218;3
24537;1
89075;8
24640;1
24536;1
21073;2
89231;9
22085;2
97273;9
74599;8
37136;3
37308;16
22399;2
29227;3
24119;1
87763;9
97505;9
91541;9
21033;2
29348;3
87748;9
89299;9
24149;1
87448;9
97520;9
29331;3
38279;3
97359;9
37327;16
86488;9
87493;9
38159;3
87746;9
22969;1
21447;3
91589;9
29593;3
91477;9
87497;9
87754;9
38530;3
73469;8
91731;9
38312;3
23898;1
24329;1
86483;9
91413;9
37444;3
7937;16
95028;9
95194;9
92665;9
93142;9
83135;9
83562;9
83071;9
84181;9
84437;9
92555;9
4205;14
8468;14
92545;9
83125;9
92709;9
17168;13
8107;14
14772;12
18317;13
14641;12
94405;9
94428;9
8297;14
94553;9
17255;13
9648;14
16835;12
83483;9
9131;14
4874;14
93470;9
4741;14
94259;9
16515;12
94167;9
16547;12
14057;11
16548;12
12169;11
12159;11
13347;11
12277;11
10115;11
94566;9
10963;11
12349;11
10997;11
10409;11
49406;3
78664;8
35216;6
32257;5
68239;8
33689;5
35633;6
78652;8
64625;6
32120;5
78647;8
75053;8
61169;6
60323;6
76684;8
61231;6
78559;8
35463;6
27726;3
75447;8
71116;8
78269;8
78603;8
25852;1
32805;5
64753;6
88637;8
78333;8
72070;8
31621;3
72072;8
35329;6
72393;8
72074;8
63594;6
31711;3
31608;3
74855;8
74838;8
72141;8
70199;8
63820;9
31632;3
74223;8
71726;8
21729;3
63916;9
36355;6
72516;8
74219;8
71336;8
24869;1
74248;8
63831;9
88636;8
31785;3
74239;8
72534;8
24799;1
39448;15
85084;9
91284;9
82031;9
80339;9
95499;9
19357;13
92262;9
80331;9
95352;9
93339;9
81679;9
39104;15
7646;16
39126;15
85662;9
85540;9
39249;15
18209;13
95682;9
92287;9
99996;16
37441;3
38527;3
98554;16
91623;9
38329;3
87665;9
38877;15
91639;9
86862;9
38325;3
99330;16
96178;9
38467;3
90614;9
91183;9
99310;16
91126;9
29468;3
82491;9
96215;9
6537;15
24943;1
36119;6
25361;1
73061;8
34123;6
97773;9
25587;1
97851;9
25566;1
97775;9
97849;9
97794;9
88427;8
21614;3
29640;3
73347;8
73553;8
73108;8
12353;11
12435;11
10319;11
12683;11
16230;12
1768;14
1728;14
16278;12
3103;12
15324;12
2763;14
2828;14
79379;8
55568;7
79423;8
59439;5
49479;5
66996;7
48317;5
48145;5
26446;3
56357;7
67822;7
58675;5
55583;7
76549;8
26384;3
77883;8
67278;7
67281;7
35781;6
55127;7
26121;3
33378;5
49326;3
77776;8
49429;3
65189;6
72250;8
76756;7
76593;8
76316;8
35789;6
35689;6
78166;8
35756;6
59909;5
49459;3
56761;7
45701;5
53229;5
42857;5
26759;3
56818;7
66538;10
44797;5
44623;5
56754;7
48612;5
54689;7
47929;5
54595;7
41189;5
41748;5
52355;5
54441;7
54666;7
54586;7
41564;5
47137;5
54550;7
45479;5
46145;5
54492;7
53347;5
45721;5
49751;3
26603;3
26427;3
66954;7
56075;7
56073;7
26897;3
44287;5
56305;7
67817;7
79254;8
67724;7
79183;8
67307;7
49597;3
49186;3
79733;8
65326;6
49088;3
66424;10
56642;7
66482;7
44388;5
56630;7
49740;3
55490;7
24989;1
29683;3
24361;1
24996;1
73529;8
88285;8
73084;8
30559;3
30521;3
37133;3
74582;8
22605;2
25486;1
22523;2
24214;1
89547;8
22846;1
74564;8
22844;1
87534;9
88316;8
97717;9
24404;1
89129;8
22337;2
97337;9
22359;2
89290;9
23816;1
24235;1
73499;8
87781;9
91478;9
38536;3
91601;9
91484;9
97357;9
86476;9
91438;9
97516;9
86505;9
24257;1
91632;9
97478;9
23714;1
83673;9
92318;9
92364;9
80636;9
7381;16
7356;16
85375;9
95466;9
6408;15
92256;9
92260;9
92245;9
93180;9
85457;9
90419;9
39649;15
98744;16
91361;9
82287;9
82493;9
82237;9
96317;9
95515;9
85080;9
39444;15
26935;3
78048;8
67141;7
67059;7
35647;6
75323;8
28777;4
27809;3
35102;6
60488;6
60438;6
27749;3
60433;6
69115;8
28237;4
78247;8
25869;1
64678;6
27257;3
61197;6
64832;6
28309;4
71272;8
25704;1
78476;8
74862;8
72475;8
31710;3
74864;8
74831;8
70193;8
34479;6
31718;3
36329;6
31556;3
72768;8
72519;8
72505;8
72517;8
73765;8
25794;1
97896;9
31559;3
63930;9
71364;8
71522;8
21684;3
88377;8
91481;9
38871;15
91468;9
86866;9
23628;1
23881;1
86647;9
86399;9
91728;9
87662;9
86687;9
98716;16
38384;3
91738;9
98694;16
86932;9
91781;9
86923;9
39365;15
31863;3
74670;8
34121;6
36137;6
24860;1
73235;8
73272;8
74523;8
74635;8
31089;3
7952;14
83043;9
18069;13
6116;15
8527;14
92521;9
93055;9
93105;9
92715;9
93098;9
4539;14
92543;9
92696;9
83132;9
84555;9
93167;9
83358;9
14806;12
14770;12
14550;12
18469;13
83364;9
9241;14
9387;14
4703;14
14552;12
9577;14
94550;9
94094;9
1587;14
4924;12
17126;13
15838;12
9619;14
13156;11
12355;11
94136;9
1705;14
16247;12
15910;12
15907;12
1465;14
17429;13
15848;12
17419;13
2997;14
2708;14
88147;8
73326;8
25482;1
97980;8
36132;6
73333;8
30175;3
88454;8
30625;3
97270;9
97250;9
25451;1
97256;9
29313;3
31195;3
97705;9
36208;6
88167;9
89195;8
73457;8
20354;2
97288;9
89165;8
97708;9
22089;2
97241;9
37191;3
97252;9
22043;2
87544;9
23866;1
99830;16
97509;9
38277;3
89347;9
87743;9
99826;16
37412;3
97453;9
97633;9
91602;9
22952;1
21335;3
29581;3
97497;9
87757;9
21365;3
23619;1
38642;3
98530;16
89368;9
99713;16
29392;3
38124;3
23999;13
91241;9
80999;9
95503;9
19065;13
81373;9
81369;9
7778;16
92281;9
80805;9
95497;9
7907;16
83684;9
19339;12
85408;9
83104;9
84174;9
84034;9
83088;9
83126;9
93107;9
93057;9
6862;15
7980;16
92718;9
6794;15
83083;9
8233;14
4463;14
83246;9
83361;9
16868;12
83242;9
92539;9
83301;9
94437;9
84568;9
6889;15
8321;14
14822;12
83329;9
94342;9
84375;9
84347;9
9125;14
9130;14
9573;14
94572;9
94532;9
17258;13
94536;9
10627;11
13439;11
13158;11
94034;9
13189;11
12347;11
91809;9
82278;9
86697;9
82399;9
91090;9
96523;16
82294;9
96275;9
85250;9
90584;9
82432;9
82393;9
19077;13
96364;9
89440;9
86441;9
29396;3
91747;9
29599;3
86845;9
86459;9
23552;1
86853;9
99955;16
38440;3
29473;3
91734;9
86899;9
96158;9
91793;9
86971;9
86946;9
86641;9
38350;3
39393;15
96110;9
96487;9
94065;9
94130;9
15712;12
15537;12
1983;12
25582;1
34127;6
88273;8
24986;1
25491;1
24787;1
74679;8
73547;8
73092;8
16303;12
15299;12
2899;14
64521;6
64569;6
76227;8
76676;8
33142;5
35088;6
65929;6
27580;4
32051;5
35452;6
60528;6
61239;6
63225;6
35440;6
32052;5
64291;6
64686;6
78532;8
32479;5
75175;8
60385;6
72369;8
35460;6
35423;6
63322;6
35091;6
35085;6
75233;8
64839;6
32469;5
63477;6
25920;1
71297;8
74927;8
78337;8
72362;8
64756;6
78359;8
34474;6
25792;1
74858;8
25926;1
34549;6
72458;8
69437;8
63741;9
70565;8
74081;8
63834;9
27313;3
71638;8
25850;1
63863;9
25721;1
72655;8
25576;1
34626;6
71394;8
25557;1
71546;8
25599;1
25799;1
97877;8
73265;8
74613;8
58099;5
44534;5
51645;5
26489;3
44267;5
55566;7
52531;5
47626;5
47804;5
47829;5
54533;7
66763;10
46045;5
50767;5
53518;7
66128;10
50677;5
45147;5
42489;5
45897;5
51375;5
54411;7
59872;5
67483;7
76863;7
65197;6
35745;6
67596;7
65193;6
67246;7
55294;7
78730;8
67368;7
67360;7
33330;5
33824;5
68647;6
35236;6
35606;6
67678;7
56424;7
67727;7
79110;8
49632;3
56368;7
79713;8
79868;8
67316;7
55237;7
79263;8
79874;8
59302;5
42653;5
56823;7
53474;7
53115;5
45529;5
42929;5
44791;5
42899;5
26624;3
59425;5
79540;8
57539;7
49599;3
49545;5
57644;7
67655;7
67824;7
48499;3
26810;3
48329;5
66894;7
44227;5
94556;9
16341;12
12619;11
94164;9
16259;12
3058;12
15328;12
2748;14
41379;5
52062;5
41334;5
54616;7
54675;7
47665;5
54332;7
53894;5
47441;5
66798;10
54293;7
46485;5
50374;5
49824;3
47169;5
47051;5
50827;5
53505;7
46359;5
66113;10
51105;5
45134;5
42327;5
49201;3
26349;3
77709;8
76477;8
67593;7
67454;7
57319;5
55129;7
79877;8
78112;8
76771;7
27793;3
76135;8
76706;8
79695;8
65366;6
79736;8
77770;8
55599;7
65329;6
67317;7
65555;6
48149;5
26901;3
48153;5
49509;5
79599;8
49477;5
67735;7
67659;7
56235;7
67663;7
57489;5
55777;7
45731;5
56283;7
66887;7
51643;5
51545;5
55627;7
26835;3
67756;7
67745;7
66386;10
48249;5
44653;5
48629;5
42285;5
6642;15
82544;9
80997;9
82065;9
96365;9
6311;15
39606;15
95511;9
81476;9
91289;9
80798;9
95493;9
95163;9
95485;9
85625;9
95183;9
93164;9
91796;9
90408;9
96242;9
96279;9
39638;15
86668;9
82439;9
85122;9
96361;9
95490;9
88448;8
73342;8
30982;3
30179;3
73527;8
97772;9
97274;9
97990;8
37297;6
88178;9
31079;3
22459;2
20355;2
20146;2
97294;9
24254;1
22083;2
22415;2
89275;9
88457;8
24111;1
22049;2
73460;8
29328;3
31188;3
22395;2
97523;9
89522;8
91628;9
97537;9
24223;1
73450;8
38274;3
91592;9
89362;9
37431;3
89350;9
21524;1
21337;3
38116;3
97486;9
91522;9
99998;16
61389;6
35649;6
68199;8
76337;8
27639;3
27628;3
76689;8
68809;8
76707;8
64319;6
69123;8
27574;4
72348;8
60329;6
33104;5
25867;1
78234;8
69517;6
64807;6
64401;6
75392;8
25923;1
28279;4
28359;4
25764;1
21762;3
61209;6
74930;8
63457;6
64720;6
78597;8
28870;3
71088;8
31613;3
63811;9
25776;1
25770;1
70771;8
71732;8
74821;8
34466;6
31609;3
63776;9
25727;1
74382;8
70184;8
88690;8
72654;8
31698;3
25554;1
71729;8
73770;8
97904;9
24850;1
37619;3
39317;15
18198;13
93059;9
7957;16
6711;15
95666;9
83567;9
83123;9
14789;12
4107;14
8236;14
4571;14
14798;12
8058;14
8393;14
94356;9
83376;9
4849;14
8373;14
94377;9
4618;16
84576;9
9350;14
84508;9
83317;9
9249;14
93485;9
84389;9
9468;14
83457;9
9392;14
17235;13
14473;12
94264;9
13581;11
17087;13
10585;11
10783;11
10969;11
17493;13
10119;11
91740;9
23617;1
86863;9
91448;9
23554;1
29378;3
99958;16
96172;9
91560;9
29594;3
86368;9
38446;3
38464;3
86672;9
86165;9
86163;9
38372;3
86510;9
29416;15
25591;1
24879;1
30826;3
37643;3
88524;8
25590;1
74545;8
74638;8
89597;8
25492;1
85459;9
85669;9
92690;9
95195;9
93345;9
6110;15
95704;9
6385;15
92253;9
84085;9
84424;9
6679;15
93049;9
84097;9
7551;16
83561;9
18273;13
92660;9
92699;9
83549;9
93089;9
83229;9
93090;9
8258;14
6785;15
6869;15
93179;9
83119;9
6773;15
93194;9
18337;13
84574;9
4617;16
92554;9
8304;14
4425;14
84570;9
84518;9
83368;9
93455;9
83374;9
84556;9
94436;9
18461;13
94563;9
18442;13
83435;9
9114;14
4736;14
18507;13
84385;9
14959;12
9579;14
18565;13
14052;11
13405;11
13403;11
10719;11
10555;11
12249;11
17391;13
10829;11
12309;11
7349;16
96367;9
95355;9
19079;13
81475;9
39629;15
29493;3
39517;15
80993;9
95473;9
81545;9
91275;9
80933;9
23992;13
82054;9
6632;15
95517;9
7924;16
85652;9
18246;13
7607;16
93152;9
59063;5
79249;8
79098;8
65385;6
49219;3
59846;5
65375;6
56462;7
79261;8
67472;7
59821;5
79872;8
49451;3
76779;7
77796;8
56581;7
58097;5
51588;5
66507;7
59394;5
66989;7
56333;7
57612;7
41069;5
47509;5
54456;7
54589;7
54655;7
47447;5
46117;5
46119;5
40699;5
46282;5
45359;5
51371;5
50931;5
54497;7
51103;5
45136;5
66129;10
45309;5
77889;8
65195;6
65618;6
55116;7
76287;8
55283;7
67105;7
65719;6
76199;8
76137;8
55606;7
44319;5
58642;5
57610;7
48157;5
79369;8
67700;7
57577;7
79227;8
56242;7
79585;8
79359;8
55487;7
53557;7
44359;5
44357;5
56867;7
53489;7
56820;7
90471;9
85131;9
19073;13
90571;9
7422;16
82327;9
29494;3
6343;15
82140;9
19069;13
83661;9
88099;8
30851;3
88447;8
74673;8
31061;3
36157;6
22869;1
97244;9
97299;9
97282;9
88416;8
73453;8
73540;8
20457;2
74585;8
21107;2
20251;2
97199;9
21272;3
20537;2
24220;1
22393;2
87740;9
24105;1
21444;3
91635;9
24253;1
29353;3
29578;3
89367;9
21386;3
24256;1
21357;3
91634;9
21526;1
23858;1
29365;3
38640;3
23715;1
91604;9
38118;3
32139;5
68775;8
78727;8
78736;8
35117;6
72189;8
33106;5
72218;8
35392;6
78669;8
27251;3
35415;6
60599;6
34497;6
75397;8
72359;8
75443;8
71083;8
35274;6
64823;6
72406;8
63452;6
72379;8
63691;6
63546;6
25724;1
63526;6
64850;6
63517;6
72144;8
25541;1
74936;8
72135;8
31712;3
74865;8
21734;3
71636;8
74388;8
25572;1
70327;8
74199;8
27386;3
27356;3
88367;8
34131;6
34292;6
36323;6
72644;8
88529;8
25348;1
72582;8
21682;3
86756;9
21400;3
19258;13
38547;3
86465;9
98529;16
89443;9
91489;9
38477;3
90574;9
38489;15
38373;3
38378;3
38458;3
96163;9
96114;9
96199;9
86928;9
38838;15
82405;9
23775;1
86676;9
88263;8
25585;1
88361;8
36275;6
21723;3
24878;1
21644;3
71566;8
30989;3
21641;3
36148;6
15926;12
18609;13
12526;11
16359;12
94158;9
1936;14
17358;13
15890;12
2788;14
2929;14
85139;9
85238;9
91287;9
95346;9
39615;15
95364;9
80796;9
95460;9
83714;9
85646;9
92271;9
92272;9
6259;15
95697;9
7557;16
6237;15
93051;9
84032;9
95688;9
83544;9
18196;13
7580;16
92548;9
6844;15
14712;12
8648;14
4159;14
16909;12
83530;9
8209;14
14774;12
4349;14
84549;9
94431;9
93482;9
93449;9
8301;14
14929;12
83417;9
9232;14
93444;9
9439;14
9557;14
18519;13
1591;14
17039;13
14199;11
94538;9
13437;11
17506;13
12109;11
4932;12
1723;14
10407;11
1737;14
16321;12
13055;11
10315;11
1738;14
15755;12
17099;13
12629;11
15741;12
17367;13
2633;14
90411;9
85235;9
82396;9
82290;9
82229;9
29497;3
82494;9
19288;13
19309;12
86706;9
83671;9
96358;9
52072;5
41751;5
41061;5
47475;5
52351;5
54664;7
46535;5
46514;5
46325;5
40223;5
50765;5
53913;5
49846;3
53506;7
50670;5
45143;5
54539;7
45968;5
66589;10
53121;5
51647;5
26847;3
67686;7
42499;5
42477;5
58452;5
53567;7
26789;3
45884;5
48624;5
44649;5
26548;3
49779;3
42281;5
26831;3
44629;5
53498;7
67165;7
27777;3
27239;3
27243;3
72285;8
68309;8
64331;6
61348;6
75203;8
35083;6
35435;6
35096;6
64367;6
33178;5
60311;6
35394;6
69509;6
31603;3
35099;6
35043;6
78244;8
32602;5
33165;5
63075;6
71149;8
28277;4
69239;6
35282;6
71296;8
21763;3
72459;8
72411;8
71254;8
71229;8
21769;3
72131;8
63697;6
63868;9
31655;3
74394;8
74257;8
31812;3
31623;3
31638;3
31515;3
97903;9
63628;6
74245;8
24976;1
71579;8
24939;1
97782;9
30167;3
88279;8
25497;1
89155;8
73577;8
73550;8
89610;8
25462;1
97289;9
74541;8
89079;8
89558;8
24376;1
22763;2
31303;3
31134;3
97236;9
22335;2
88489;8
22297;2
89182;8
22299;2
21385;3
73479;8
22047;2
89278;9
37520;3
37115;3
97247;9
29361;3
21509;1
24222;1
21449;3
24326;1
24217;1
21529;1
29582;3
87733;9
86757;9
38122;3
23623;1
38533;3
38531;3
38108;3
97514;9
91629;9
38324;3
38553;3
91487;9
87640;9
96138;9
98544;16
23689;1
87669;9
98527;16
99768;16
90613;9
98711;16
86462;9
86698;9
86692;9
86934;9
38364;3
86684;9
82497;9
99326;16
82487;9
29451;3
57518;7
26188;3
57562;7
49681;3
77767;8
49661;3
49196;3
76744;7
67152;7
33442;5
79777;8
25997;1
26937;3
76726;7
65428;6
67067;7
78733;8
36110;6
36272;6
24791;1
37586;3
24857;1
89601;8
73033;8
34329;6
25548;1
36039;6
59174;5
67742;7
51597;5
58638;5
56130;7
55413;7
59199;5
55425;7
26655;3
94116;9
1640;14
94151;9
94107;9
1734;14
17335;13
17309;13
15345;12
17459;13
1477;14
33428;5
78148;8
55257;7
76530;8
26125;3
25946;1
76187;8
72275;8
78126;8
67346;7
76661;8
79677;8
77731;8
79211;8
67691;7
55218;7
67273;7
48361;5
1917;14
17329;13
3048;12
3052;12
2829;14
2826;14
85305;9
82166;9
19063;13
39171;15
99518;16
6317;15
81539;9
80939;9
85354;9
92265;9
6618;15
93309;9
92277;9
92366;9
85586;9
85560;9
59348;5
48366;5
66901;7
48485;5
56299;7
58454;5
66903;7
45279;5
49835;3
45886;5
56856;7
42853;5
42283;5
53604;5
66885;7
48308;5
44135;5
79588;8
55569;7
90562;9
29462;3
99098;16
96167;9
90475;9
96224;9
90592;9
98743;16
96355;9
86564;9
82541;9
84101;9
6217;15
16949;12
95632;9
6108;15
84095;9
92708;9
39539;15
7973;16
84432;9
92536;9
4420;14
18292;13
93087;9
93101;9
4109;14
94348;9
84163;9
94344;9
8371;14
4567;14
93464;9
4651;14
83313;9
4828;14
4687;14
84333;9
14669;12
94267;9
6925;15
83410;9
83471;9
16775;12
94557;9
4758;14
14467;12
14055;11
17034;13
10777;11
13407;11
13159;11
10435;11
18551;13
35614;6
68307;8
26919;3
68169;8
65835;6
35510;6
32339;5
72172;8
64673;6
32278;5
69221;8
75180;8
28197;4
35390;6
60322;6
64646;6
69242;8
28259;4
75248;8
72355;8
28857;3
75382;8
69245;8
69259;8
64407;6
32425;5
35288;6
63667;6
25856;1
75050;8
31592;3
63543;6
74912;8
72076;8
34471;6
63853;9
74078;8
63785;9
88639;8
74206;8
74348;8
72827;8
25712;1
74172;8
74074;8
31553;3
70372;8
74743;8
25584;1
72660;8
21522;3
38100;3
99894;16
87660;9
86877;9
98646;16
89434;9
38875;15
38442;3
96176;9
23758;1
29571;3
23923;13
86984;9
86663;9
91350;9
99189;16
86940;9
82389;9
82401;9
96146;9
23779;1
23936;13
90427;9
29487;3
99084;16
99086;16
79576;8
66969;7
56112;7
26849;3
48165;5
56077;7
79595;8
59427;5
55590;7
79410;8
56204;7
79692;8
58802;5
79279;8
73114;8
30880;3
37284;6
89134;8
73340;8
24351;1
88480;8
37176;3
21075;2
24558;1
89174;8
89171;8
89551;8
87547;9
23826;1
24118;1
91616;9
21465;1
38685;3
91593;9
89441;9
97511;9
89355;9
52068;5
52080;5
54611;7
47807;5
47798;5
40667;5
41460;5
53902;5
46354;5
49849;3
40217;5
40212;5
50935;5
53359;5
46240;5
45964;5
66111;10
51381;5
56841;7
74214;8
24873;1
25578;1
37640;3
25335;1
37620;3
89611;8
73110;8
89150;8
36088;6
73098;8
95488;9
19300;13
81241;9
39326;15
95131;9
19089;13
95444;9
81547;9
81549;9
6628;15
83607;9
85774;9
81739;9
92655;9
83707;9
6249;15
93176;9
92284;9
85604;9
39596;15
95505;9
92263;9
39261;15
7549;16
8525;14
92706;9
84186;9
18146;13
93149;9
83122;9
93073;9
84144;9
8499;14
8223;14
84100;9
95671;9
84183;9
4600;16
94369;9
94339;9
83342;9
83339;9
93489;9
17139;13
94360;9
8280;14
94569;9
83451;9
9119;14
94554;9
9477;14
14943;12
13591;11
94252;9
1683;14
13629;11
10709;11
10629;11
9629;14
13435;11
10999;11
61250;6
76228;8
76229;8
33613;5
64653;6
60549;6
28816;3
35112;6
75399;8
35066;6
72184;8
75249;8
25882;1
78259;8
69483;6
78585;8
74933;8
35325;6
78343;8
74389;8
25693;1
88605;8
21730;3
72147;8
31619;3
64754;8
72127;8
31708;3
31693;3
25878;1
34599;6
70619;8
74360;8
21712;3
74861;8
63599;6
25594;1
73732;8
72669;8
88677;8
71384;8
71404;8
37697;3
24848;1
9544;14
10245;11
10318;11
18586;13
1471;14
17379;13
1109;14
1239;14
1309;14
1993;12
1816;14
17373;13
1824;14
3096;12
3119;12
2699;14
16307;12
3050;12
2747;14
57635;7
44263;5
49774;3
66919;7
58540;5
79295;8
67718;7
77975;8
79232;8
59065;5
57482;5
51469;5
48465;3
42111;5
66540;10
42119;5
26907;3
53639;5
42287;5
56821;7
53579;7
58256;5
55756;7
96465;9
82266;9
82281;9
7427;16
6463;15
6449;15
88289;8
31073;3
30451;3
97237;9
30177;3
24360;1
97261;9
22525;2
73486;8
97222;9
97285;9
89185;8
97078;9
99837;16
97076;9
89183;8
97230;9
89269;9
97729;9
21388;3
91587;9
89284;9
37339;16
97346;9
38678;3
87755;9
97447;9
22965;1
87776;9
97488;9
97503;9
91598;9
87769;9
29393;3
21483;1
91572;9
97528;9
98553;16
87656;9
96193;9
23562;1
86709;9
23683;1
96120;9
96135;9
96103;9
90587;9
96274;9
86978;9
82467;9
86153;9
23942;13
38379;3
90547;9
86438;9
86935;9
99195;16
82297;9
86922;9
41749;5
41065;5
41363;5
47802;5
54585;7
47809;5
54343;7
54341;7
47057;5
46049;5
54524;7
45473;5
45355;5
42697;5
54472;7
51061;5
66125;10
48527;3
53508;7
26736;3
51109;5
34246;6
24944;1
24975;1
74535;8
25593;1
97737;9
97944;8
74420;8
37216;6
57258;5
26486;3
55411;7
79350;8
67814;7
55459;7
76855;7
77836;8
57299;5
67297;7
65623;7
65345;6
26386;3
65552;6
55291;7
79871;8
35686;6
72270;8
67574;7
65529;6
67240;7
76351;8
76133;8
6128;15
95182;9
84056;9
83098;9
6712;15
8548;14
92533;9
84036;9
83569;9
95691;9
4523;14
95692;9
6792;15
92727;9
92723;9
93102;9
83546;9
14727;12
4575;14
92445;9
8228;14
8062;14
83278;9
94347;9
94357;9
83379;9
9366;14
17154;13
93477;9
4862;14
84533;9
94244;9
14554;12
14109;11
94227;9
14053;11
94548;9
14979;12
12209;11
13351;11
88281;8
73107;8
24864;1
24888;1
24802;1
29308;3
73312;8
97789;9
36160;6
97795;9
25485;1
25469;1
24364;1
24568;1
97080;9
36419;16
74424;8
36284;6
97070;9
89197;8
31162;3
73494;8
97656;9
21220;3
21376;3
88451;8
31311;3
29221;3
22119;2
89281;9
87764;9
89542;8
73492;8
24635;1
24245;1
24610;1
87773;9
87734;9
87785;9
91550;9
97638;9
91555;9
97508;9
29351;3
38704;3
89446;9
22958;1
29553;3
99947;16
22956;1
99880;16
89407;9
87775;9
38551;3
35644;6
33647;5
33739;5
72175;8
35075;6
78083;8
72296;8
68799;8
35428;6
78628;8
64295;6
60439;6
72221;8
69214;8
78591;8
72229;8
60314;6
64668;6
78582;8
64859;6
28199;4
28844;3
78589;8
63073;6
78224;8
74915;8
78600;8
64757;6
34414;5
78345;8
74906;8
63533;6
78351;8
74372;8
69439;8
74392;8
70569;8
74391;8
78354;8
31628;3
35327;6
63897;9
34434;5
71634;8
72631;8
74379;8
71691;8
63826;9
71642;8
72658;8
24803;1
63875;9
71334;8
88356;8
24887;1
73773;8
34128;6
37691;3
97900;8
85244;9
85256;9
81247;9
6295;15
7387;16
80639;9
39446;15
81371;9
95358;9
85301;9
80803;9
85376;9
39108;15
81925;9
92278;9
6179;15
85452;9
95514;9
19322;12
92724;9
95506;9
19372;13
93359;9
6536;15
91365;9
19071;13
6458;15
96332;9
6464;15
95491;9
87648;9
97496;9
24327;1
38322;3
86879;9
96166;9
23899;1
96145;9
98669;16
96182;9
99338;16
86682;9
98666;16
91174;9
38895;15
86981;9
86929;9
96486;9
90762;9
99087;16
90451;9
34323;6
27374;3
34302;6
74629;8
25379;1
24960;1
24999;1
73066;8
34253;6
88276;8
88214;8
72589;8
24594;1
89617;8
24894;1
73105;8
30455;3
30453;3
94133;9
94124;9
12524;11
1157;14
15569;12
1069;14
15378;12
15526;12
3054;12
2689;14
2827;14
47574;5
52499;5
54608;7
47669;5
54310;7
53925;5
47179;5
41470;5
53881;5
66333;10
47166;5
40547;5
49843;3
40237;5
40593;5
53332;5
45356;5
56729;7
51379;5
42799;5
66287;10
45130;5
45128;5
51069;5
26180;3
78136;8
67169;7
59609;5
26969;3
65183;6
65185;6
76448;8
67587;7
78199;8
49448;3
59555;5
35688;6
67373;7
68623;6
64589;6
79364;8
55424;7
77656;8
79674;8
49076;3
57072;5
77654;8
67305;7
77797;8
49124;3
79730;8
79859;8
56316;7
58762;5
79541;8
48167;5
48324;5
79356;8
59075;5
26169;3
67806;7
56410;7
79292;8
79114;8
44866;5
66640;10
51429;5
56653;7
44625;5
44789;5
26892;3
44579;5
48356;5
44137;5
48480;3
82549;9
96346;9
80995;9
19306;13
80935;9
7749;16
81671;9
83624;9
81829;9
95180;9
92224;9
93346;9
6242;15
95126;9
95709;9
93183;9
93182;9
82490;9
90469;9
90491;9
82211;9
82296;9
7318;16
19294;13
99444;16
90559;9
99636;16
91278;9
25365;1
89619;8
36100;6
88441;8
30853;3
97295;9
73525;8
97999;8
97271;9
97276;9
89173;8
88487;8
37249;6
24242;1
22457;2
21271;3
24407;1
31191;3
22848;1
20255;2
20357;2
97688;9
24629;1
20149;2
29223;3
31249;3
97239;9
21037;2
24637;1
36457;16
37539;3
24601;1
38729;3
87527;9
21029;2
89564;8
91626;9
87724;9
22955;1
97531;9
97513;9
38112;3
91619;9
86720;9
98547;16
21527;1
29559;3
97461;9
38110;3
38559;3
29585;3
86424;9
83735;9
93356;9
6112;15
39524;15
93053;9
93083;9
95659;9
18299;13
95706;9
4158;14
4105;14
4564;14
83254;9
14778;12
4315;14
92559;9
84326;9
8324;14
8349;14
9394;14
84524;9
84571;9
84335;9
94379;9
9236;14
14478;12
14532;12
14129;11
94579;9
94261;9
16540;12
15936;12
15837;12
13353;11
10787;11
10557;11
3253;12
17349;13
12101;11
94568;9
10437;11
10405;11
12305;11
33129;5
65830;6
35580;6
27499;2
78073;8
27568;4
32609;5
28755;4
27211;3
69254;8
75365;8
64380;6
72367;8
72358;8
63110;6
28211;4
78267;8
78253;8
35305;6
72415;8
78580;8
27442;3
28832;3
35260;6
32839;5
33039;5
70499;8
70435;8
63924;9
25791;1
21709;3
72511;8
36318;6
36358;6
25725;1
88515;8
71720;8
72813;8
71563;8
63871;9
24941;1
31789;3
34130;6
37194;3
86874;9
87637;9
99735;16
96126;9
86842;9
96185;9
86514;9
21368;3
38557;3
86830;9
91805;9
96476;9
91469;9
96169;9
86356;9
86707;9
91801;9
38465;3
29490;3
38376;3
86444;9
96175;9
86161;9
29481;3
38459;3
91186;9
73663;8
34593;6
97816;9
25371;1
88284;8
25368;1
88212;8
97785;9
30952;3
37235;6
12351;11
10247;11
1774;14
12527;11
15732;12
17398;13
1127;14
1219;14
1277;14
1968;12
15517;12
15374;12
2977;14
2733;14
15230;12
2956;14
2797;14
54673;7
52222;5
54669;7
54450;7
53909;5
53945;5
66701;10
47229;5
49847;3
41469;5
46537;5
41540;5
66806;10
40880;5
46149;5
40789;5
50937;5
50997;5
40724;5
50668;5
45141;5
45327;5
66649;10
58513;5
79426;8
77977;8
58708;5
77966;8
48351;5
57462;5
79669;8
79348;8
49594;3
67725;7
26160;3
59510;5
57290;5
55288;7
57250;5
56477;7
26871;3
56567;7
66497;7
48341;5
66501;7
78120;8
67251;7
26133;3
76467;8
67136;7
49152;3
33397;5
55278;7
76149;8
79879;8
45277;5
53127;5
45770;5
45888;5
53757;5
45659;5
44795;5
55469;7
56579;7
26629;3
48163;5
44309;5
59387;5
67753;7
95145;9
8538;14
92700;9
19386;13
93352;9
18109;13
95199;9
84061;9
8529;14
93096;9
93093;9
8645;14
8428;14
92648;9
93104;9
8496;14
84152;9
83224;9
84562;9
18375;13
8134;14
84577;9
9356;14
94372;9
84552;9
94366;9
4889;14
84378;9
83416;9
4746;14
14621;12
9488;14
14471;12
94255;9
93462;9
94166;9
4749;14
17089;13
17033;13
13597;11
94072;9
14165;11
13507;11
94036;9
9634;14
1665;14
10961;11
13187;11
10249;11
94160;9
91238;9
92339;9
6528;15
82061;9
82049;9
81379;9
7366;16
95356;9
93349;9
95502;9
6636;15
95509;9
83666;9
85649;9
83627;9
19348;12
95519;9
18236;13
6193;15
7927;16
6255;15
93326;9
7639;16
85570;9
7586;16
83052;9
12459;11
17291;12
15711;12
1217;14
1458;14
15864;12
17326;12
2742;14
55494;7
79395;8
67748;7
79346;8
79112;8
67699;7
59067;5
79244;8
77955;8
79276;8
41179;5
66706;10
47661;5
50181;5
46487;5
52391;5
41569;5
54290;7
48691;5
47053;5
66809;10
54534;7
50859;5
50858;5
40595;5
46284;5
50969;5
50674;5
54422;7
42699;5
66121;10
56746;7
53343;5
51688;5
53809;5
56588;7
58089;5
66892;7
26607;3
53842;5
42117;5
56850;7
55768;7
42369;5
45657;5
45739;5
42289;5
44787;5
53619;7
49770;3
90439;9
39359;15
86919;9
82449;9
90403;9
82407;9
90482;9
96515;16
38828;15
90473;9
96524;16
90542;9
86571;9
86561;9
85117;9
91286;9
79802;8
64579;6
27572;4
34508;6
68526;8
78609;8
69502;8
69190;8
63329;6
27751;3
75228;8
64287;6
78549;8
60306;6
32105;5
21765;3
69518;6
69434;8
75057;8
28209;4
71134;8
75395;8
72149;8
27432;3
25813;1
74363;8
69429;8
70839;8
63814;9
27446;3
74226;8
31707;3
71144;8
25876;1
34311;6
72667;8
63933;9
31702;3
72800;8
72585;8
63872;9
63846;9
72661;8
34281;6
72581;8
24863;1
71570;8
97834;9
21647;3
36282;6
24790;1
97769;9
97780;9
97776;9
24796;1
24632;1
21256;3
74572;8
36169;6
97450;9
20257;2
29352;3
20539;2
22303;2
97659;9
87561;9
73463;8
91608;9
73441;8
21358;3
91596;9
21481;1
29525;3
86473;9
29399;3
38835;15
29591;3
23611;1
87672;9
23564;1
86199;9
86836;9
86944;9
90513;9
82488;9
99091;16
99631;16
39356;15
7426;16
90429;9
99096;16
67280;7
77886;8
77728;8
49214;3
57339;5
78098;8
76767;7
67361;7
76461;8
33449;5
67125;7
32351;5
25996;1
67376;7
79780;8
25999;1
67547;7
76185;8
65439;6
64560;6
67063;7
77948;8
56414;7
55597;7
79252;8
26452;3
57076;5
65399;6
49086;3
36381;6
72587;8
73614;8
25358;1
73275;8
21640;3
73660;8
73655;8
73099;8
37633;3
29699;3
24891;1
21255;3
24808;1
24405;1
30457;3
89143;8
88138;9
97947;8
88267;8
21244;3
24589;1
74549;8
30627;3
21224;3
36289;6
73575;8
37269;6
20253;2
97993;8
22850;1
29225;3
88319;8
89186;8
24620;1
38723;3
37299;6
87700;9
24114;1
87737;9
73466;8
87787;9
29362;3
23827;1
29574;3
91471;9
91483;9
97539;9
86739;9
87782;9
86748;9
21380;3
96181;9
23719;1
59590;5
68794;8
35578;6
35116;6
33659;5
35583;6
33602;5
33604;5
33607;5
35398;6
60486;6
69124;8
60326;6
28757;4
32107;5
60598;6
27232;3
25927;1
25836;1
64372;6
78595;8
75433;8
71263;8
78239;8
28203;4
72364;8
75446;8
21775;3
63454;6
32689;5
35285;6
71277;8
27330;3
25889;1
63695;6
36320;6
24969;1
31633;3
25729;1
63773;9
31582;3
72793;8
70191;8
32676;5
31714;3
73760;8
21706;3
88633;8
88718;8
31634;3
74246;8
34369;6
24955;1
97909;9
25573;1
74259;8
24806;1
97859;9
24817;1
91480;9
90619;9
91486;9
23730;1
96173;9
87642;9
96148;9
98673;16
86695;9
99718;16
91325;9
38368;3
86492;9
82383;9
96472;9
99089;16
86573;9
49757;3
56179;7
55592;7
26639;3
66981;7
26676;3
67716;7
67705;7
48346;5
77743;8
79331;8
79689;8
79285;8
57580;7
55232;7
65232;6
55263;7
35708;6
79862;8
79804;8
76479;8
59581;5
65520;6
65205;6
67366;7
76773;7
25524;1
27389;3
88370;8
97845;9
73271;8
24881;1
24866;1
88250;8
72535;8
57642;7
57648;7
55559;7
57555;7
65556;6
26388;3
67434;7
67310;7
2994;14
1848;14
2979;14
1904;14
1855;14
2681;14
13086;11
12359;11
12687;11
1744;14
85258;9
39628;15
82515;9
85241;9
23970;13
81375;9
95369;9
85296;9
91249;9
39439;15
95362;9
19412;13
39128;15
7747;16
81673;9
92331;9
85622;9
85630;9
95189;9
82276;9
90480;9
85135;9
96264;9
85137;9
91171;9
92342;9
82223;9
85247;9
99441;16
52074;5
52511;5
47647;5
53937;5
46499;5
54584;7
54459;7
46562;5
47443;5
40239;5
66687;10
46244;5
46047;5
40721;5
40764;5
66115;10
66119;10
45329;5
51067;5
45883;5
53507;7
51674;5
48477;5
56587;7
26817;3
67754;7
42113;5
51515;5
42275;5
44581;5
66914;7
44577;5
49838;3
26909;3
39279;15
85465;9
8539;14
93133;9
7950;16
95111;9
39307;15
18107;13
84172;9
95707;9
8626;14
95689;9
83101;9
92712;9
84028;9
6796;15
8239;14
84103;9
18347;13
94333;9
83259;9
18195;13
84175;9
83257;9
84180;9
8144;14
84546;9
84140;9
4643;14
94327;9
9212;14
6895;15
84561;9
9221;14
9326;14
4779;14
9423;14
9126;14
94256;9
18437;13
9496;14
16767;12
1616;14
10711;11
13409;11
1561;14
1662;14
85661;9
85461;9
95700;9
6132;15
92729;9
6130;15
93077;9
8606;14
6188;15
18119;13
6780;15
83550;9
83026;9
84184;9
7985;14
95703;9
6809;15
83128;9
83112;9
14827;12
84137;9
83209;9
92697;9
95695;9
84453;9
83346;9
83371;9
84339;9
9328;14
83458;9
83334;9
94362;9
84547;9
83454;9
93473;9
83367;9
14913;12
83486;9
94250;9
17219;13
17111;13
9244;14
9113;14
83395;9
13583;11
17094;13
16792;12
1619;14
12161;11
13355;11
13089;11
39167;15
85716;9
80809;9
80336;9
80333;9
80937;9
39118;15
83708;9
81737;9
81735;9
95192;9
7616;16
95469;9
85356;9
92676;9
84094;9
85667;9
92242;9
90425;9
90459;9
86559;9
82256;9
90552;9
85229;9
85123;9
10317;11
17390;13
15566;12
94110;9
15859;12
16248;12
1994;12
17454;13
15234;12
46446;5
41366;5
52396;5
41199;5
52349;5
41517;5
54311;7
41515;5
46414;5
47226;5
66709;10
66265;10
40883;5
48599;5
45326;5
45257;5
56575;7
48429;5
48282;5
26904;3
56154;7
56072;7
44329;5
58566;5
51467;5
66399;10
42103;5
44651;5
44793;5
44809;5
42277;5
51789;5
58332;5
44149;5
59939;5
67166;7
35080;6
33415;5
72226;8
68163;8
75335;8
59929;5
78054;8
78056;8
33611;5
25863;1
68723;8
27570;4
78187;8
61191;6
69231;8
60308;6
69126;8
78606;8
64658;6
64846;6
74889;8
71299;8
28865;3
27249;3
34477;6
27339;3
63512;6
63500;6
34454;6
74397;8
21770;3
71032;8
63755;9
71101;8
27333;3
31683;3
31547;3
70597;8
78462;8
21732;3
70736;8
31552;3
31636;3
72574;8
74243;8
29664;3
88048;8
73666;8
37603;3
88400;8
30449;3
25421;1
89614;8
88410;8
73569;8
88437;8
24647;1
97996;8
24644;1
31139;3
24649;1
22761;2
97283;9
37287;6
88484;8
73572;8
22455;2
73563;8
89179;8
20259;2
97286;9
21439;3
20099;2
24628;1
88459;8
22149;2
29565;3
89176;8
99817;16
98590;16
87766;9
87545;9
21521;1
89423;9
87435;9
99986;16
91578;9
22964;1
89356;9
79591;8
56340;7
57589;7
56191;7
56237;7
55430;7
57537;7
79341;8
58809;5
79224;8
77974;8
67826;7
86741;9
89420;9
38302;3
29579;3
86865;9
21398;3
86497;9
38556;3
23909;1
23568;1
86681;9
21369;3
38473;3
86986;9
90617;9
86156;9
96052;9
86916;9
38461;3
96450;9
23743;1
86703;9
86415;9
96489;9
58710;5
76846;7
79299;8
79289;8
59229;5
56459;7
26219;3
49170;3
49205;3
65346;6
49084;3
77784;8
65344;6
67147;7
49163;3
67149;7
33829;5
67134;7
55131;7
67259;7
49356;3
35619;6
67583;7
65474;6
73274;8
34376;6
36103;6
72537;8
34326;6
97855;9
37632;3
24816;1
30827;3
89613;8
83730;9
83553;9
92546;9
8547;14
6846;15
4509;14
92447;9
84431;9
84544;9
8267;14
8064;14
14776;12
8112;14
17179;13
4668;14
8118;14
17159;13
9481;14
14548;12
18510;13
9112;14
9111;14
9128;14
9661;14
9429;14
94474;9
12279;11
12103;11
15834;12
17348;13
12107;11
17098;13
24392;1
73337;8
88364;8
25373;1
37574;3
22587;2
37218;6
89584;8
24634;1
37242;6
25479;1
24398;1
97084;9
97653;9
22529;2
36142;6
37296;6
22419;2
88453;8
37276;6
22087;2
20535;2
73447;8
97645;9
97279;9
24250;1
24143;1
89296;9
21031;2
91583;9
29345;3
24248;1
97350;9
89297;9
38228;3
86480;9
87471;9
37345;16
97519;9
89343;9
91749;9
38528;3
91472;9
38315;3
86745;9
38667;3
85134;9
91257;9
95500;9
85777;9
95179;9
18233;13
81675;9
85104;9
81825;9
95239;9
39245;15
6386;15
87494;9
87674;9
99887;16
38321;3
86754;9
90599;9
91580;9
86609;9
29562;3
91452;9
86477;9
38468;3
38476;3
91741;9
91720;9
96479;9
91799;9
96482;9
96149;9
96269;9
38822;15
86974;9
96129;9
39646;15
90453;9
91088;9
90402;9
91161;9
85072;9
96272;9
6577;16
96277;9
91367;9
82392;9
19057;13
44143;5
66917;7
66506;7
58239;5
56321;7
12357;11
4934;12
12689;11
15366;12
15713;12
1099;14
1279;14
1998;12
15868;12
3130;12
2730;14
75337;8
65479;6
78183;8
68766;8
68519;6
69493;8
35041;6
27248;3
63303;6
60310;6
75181;8
34431;5
63069;6
64409;6
63128;6
33100;5
28195;4
75391;8
28215;4
32756;5
74925;8
63674;6
35321;6
64732;6
27321;3
21782;3
71067;8
27327;3
72417;8
25840;1
72810;8
34596;6
71696;8
36304;6
74235;8
37688;5
72829;8
63828;9
73733;8
24861;1
63928;9
24876;1
74706;8
97901;9
37699;3
73630;8
24937;1
41812;5
66663;10
54568;7
50171;5
54662;7
46397;5
47199;5
47198;5
41542;5
54531;7
40476;5
54346;7
40878;5
40822;5
56769;7
42781;5
53117;5
77887;8
55271;7
26197;3
65611;6
79761;8
35799;6
76470;8
76751;7
65191;6
77761;8
79793;8
79771;8
72290;8
35768;6
61279;6
24800;1
31832;3
71549;8
97892;9
24811;1
36041;6
24977;1
25436;1
25597;1
21258;3
24813;1
73667;8
36151;6
24784;1
66976;7
49626;3
79539;8
67829;7
79268;8
79288;8
51598;7
79294;8
49696;3
49688;3
79312;8
57645;7
57584;7
67681;7
49565;3
49635;3
65321;6
79694;8
79682;8
49090;3
65599;6
26389;3
42399;5
48301;5
56656;7
55774;7
49777;3
55626;7
51465;5
49744;3
49762;3
42859;5
51491;5
44627;5
33335;5
33619;5
28790;3
33615;5
49419;3
64347;6
35582;6
27576;4
75385;8
75015;8
60325;6
64289;6
34519;6
75245;8
35104;6
35519;6
33102;5
60388;6
72401;8
28217;4
69151;8
71159;8
71292;8
35466;6
28207;4
31604;3
71157;8
64711;6
72461;8
63694;6
32825;5
31675;3
34439;5
72510;8
63549;6
27299;3
72488;8
88696;8
72770;8
71679;8
70437;8
70186;8
63825;9
74072;8
70378;8
34637;6
36369;6
37671;5
73734;8
63869;9
72639;8
21714;3
21698;3
97840;9
36124;6
74677;8
30966;3
31171;3
24897;1
31157;3
25494;1
88145;9
88353;8
37290;6
97232;9
88179;9
89198;8
24582;1
89555;8
97246;9
20095;2
31167;3
99834;16
22305;2
22175;2
97215;9
24116;1
22115;2
22143;2
22145;2
29356;3
99831;16
24232;1
89568;8
21360;3
21407;3
38518;3
38120;3
99869;16
99752;16
38300;3
86732;9
86751;9
98660;16
29394;3
86833;9
97500;9
99885;16
86854;9
38554;3
23669;1
86690;9
38381;3
96047;9
91189;9
91785;9
86150;9
91352;9
91788;9
82475;9
23749;1
86568;9
23746;1
19230;13
74249;8
88094;8
73252;8
30974;3
29690;3
21739;3
97953;8
88097;8
97956;8
73119;8
37642;3
88326;8
73117;8
34298;6
31036;3
58769;5
79427;8
49584;3
79241;8
58640;5
55444;7
59423;5
79336;8
49577;3
59073;5
65551;6
76534;8
67269;7
67283;7
67127;7
67258;7
35764;6
33803;5
49424;3
67680;7
77978;8
67292;7
67294;7
67480;7
26215;3
52134;5
41372;5
52379;5
54614;7
53949;5
54587;7
54451;7
41462;5
41468;5
40489;5
46539;5
53533;7
66127;10
54421;7
54558;7
46342;5
50676;5
50733;5
45127;5
54470;7
56828;7
48529;3
53119;5
45259;5
48565;5
26532;3
66500;7
56599;7
56648;7
66629;10
26899;3
95158;9
6366;15
6722;15
6114;15
85656;9
85643;9
16945;12
7958;16
92694;9
92507;9
92705;9
92540;9
84082;9
4207;14
18279;13
84178;9
84564;9
92552;9
92714;9
4279;14
83256;9
84168;9
84130;9
92444;9
4838;14
18320;13
17207;13
4827;14
92549;9
93497;9
4860;14
84367;9
9474;14
84381;9
94265;9
14476;12
84384;9
9456;14
94149;9
94099;9
4936;12
10589;11
10587;11
12163;11
10551;11
94127;9
10965;11
13357;11
94157;9
16244;12
10243;11
12043;11
99085;16
19303;13
82288;9
91320;9
82447;9
82390;9
6466;15
96197;9
91344;9
91220;9
99425;16
85232;9
85125;9
95336;9
82431;9
82178;9
91244;9
85298;9
92369;9
96349;9
81243;9
85757;9
6308;15
91236;9
85098;9
81477;9
39110;15
39179;15
80804;9
83677;9
93351;9
85599;9
95234;9
85413;9
19336;12
7589;16
16269;12
1814;14
15320;12
3172;12
12439;11
1979;12
17406;13
44536;5
44339;5
66503;7
56593;7
56281;7
26845;3
84076;9
93195;9
92711;9
93138;9
84427;9
18147;13
95685;9
4626;16
8412;14
18311;13
83233;9
84187;9
84155;9
83370;9
83236;9
8237;14
4319;14
84565;9
94315;9
4451;14
4824;14
84503;9
9376;14
9306;14
94527;9
14656;12
4886;14
9127;14
17091;13
93474;9
16727;12
94571;9
94249;9
94541;9
4931;12
14193;11
15806;12
17268;12
12157;11
15827;12
10117;11
17392;13
76307;8
68782;8
68167;8
27612;3
65843;6
65760;6
61381;6
27259;3
75179;8
35457;6
27624;3
60316;6
75242;8
32549;5
25842;1
78564;8
32545;5
28357;4
72365;8
32657;5
63165;6
61130;6
35315;6
25797;1
28876;3
21789;3
25795;1
27318;3
33034;5
63931;9
31629;3
34613;6
63571;6
63925;9
27283;3
63808;9
63607;6
34582;6
63934;9
72555;8
73728;8
63619;6
71737;8
72636;8
72539;8
74626;8
63639;6
25560;1
34639;6
86926;9
23747;1
82386;9
85111;9
6556;16
86565;9
82319;9
91233;9
6313;15
82067;9
80638;9
6347;15
39116;15
85402;9
80799;9
80801;9
6420;15
84089;9
85551;9
19370;13
7819;16
95176;9
12437;11
3249;12
94051;9
94146;9
12587;11
94118;9
12589;11
1990;12
1067;14
1129;14
1108;14
1847;14
1877;14
1844;14
3042;12
2794;14
2785;14
57632;7
44265;5
55629;7
56584;7
66849;7
56317;7
56170;7
55496;7
48653;5
45772;5
55779;7
26524;3
42389;5
56253;7
58456;5
44575;5
56869;7
66869;7
26556;3
66882;7
30669;3
89191;8
97783;9
73565;8
30173;3
21261;3
73568;8
89608;8
73329;8
97957;8
89160;8
30539;3
97234;9
88161;9
97727;9
97074;9
89194;8
29320;3
89250;9
22339;2
88486;8
97318;9
37199;3
97616;9
89346;9
22941;1
24226;1
97422;9
37351;16
91605;9
38268;3
98574;16
89352;9
89429;9
89431;9
38226;3
21436;3
87488;9
98596;16
87634;9
99820;16
91599;9
91744;9
89344;9
38304;3
97494;9
89361;9
86868;9
23684;1
87668;9
29590;3
86494;9
87675;9
23627;1
91475;9
91729;9
91723;9
86875;9
91085;9
96164;9
86679;9
86152;9
6502;15
99634;16
96117;9
96528;16
90766;9
23777;1
19243;13
86453;9
91301;9
23948;13
52078;5
47638;5
52393;5
46509;5
54612;7
41066;5
47839;5
41352;5
53947;5
54574;7
54529;7
46569;5
50354;5
40885;5
40231;5
66822;10
66346;10
45470;5
45357;5
46236;5
40723;5
54487;7
45239;5
50679;5
53859;5
66123;10
51149;5
42657;5
66271;10
34314;6
73650;8
74639;8
88373;8
37639;3
73635;8
34125;6
30823;3
88422;8
74632;8
74676;8
88142;9
79206;8
67734;7
48155;5
49624;3
26409;3
79291;8
56206;7
79282;8
79219;8
26689;3
56335;7
79618;8
79111;8
77972;8
55593;7
59227;5
77876;8
67146;7
76870;7
77830;8
77793;8
55268;7
65527;6
65207;6
25980;1
67582;7
76774;7
79801;8
78713;8
67471;7
59457;5
49593;3
67319;7
67304;7
65604;6
67466;7
77716;8
85567;9
95615;9
83539;9
83533;9
92717;9
19395;13
6861;15
83512;9
83137;9
93177;9
17213;13
92526;9
84478;9
8060;14
17166;13
4328;14
4552;14
94351;9
8132;14
14662;12
8141;14
93483;9
94419;9
84579;9
94375;9
94336;9
18513;13
84332;9
94262;9
94560;9
9123;14
83404;9
94539;9
17121;13
9471;14
16798;12
9432;14
94530;9
94508;9
94575;9
94060;9
9526;14
13627;11
12205;11
14197;11
94154;9
10785;11
10967;11
85055;9
91247;9
19067;13
80686;9
80637;9
83674;9
92259;9
7929;16
81677;9
95119;9
81929;9
85521;9
85737;9
85640;9
85653;9
83700;9
85658;9
85462;9
92274;9
95032;9
7955;16
96237;9
96247;9
82285;9
91369;9
29472;3
86556;9
29476;3
91346;9
86562;9
99427;16
91227;9
96337;9
86558;9
7333;16
23896;1
38104;3
91722;9
99706;16
99867;16
29379;3
23879;1
23717;1
86502;9
86405;9
86678;9
23738;1
86972;9
99090;16
86688;9
91792;9
86159;9
86167;9
96253;9
19205;13
91096;9
90763;9
90449;9
98724;16
12055;11
1558;14
10365;11
17509;13
13051;11
1762;14
15754;12
16227;12
3185;12
2692;14
2782;14
2739;14
67580;7
68305;8
65451;6
61267;6
76356;8
76327;8
64546;6
27607;3
75305;8
79798;8
75339;8
25924;1
33699;5
65933;6
27578;4
64293;6
69207;8
78250;8
33181;5
27474;3
72186;8
72351;8
74918;8
78573;8
69253;8
28219;4
61200;6
74909;8
71126;8
32760;5
35410;6
72361;8
75031;8
74937;8
72145;8
71287;8
27254;3
88631;8
34513;6
74869;8
25746;1
72116;8
74928;8
72474;8
72514;8
63743;9
63911;9
25864;1
74834;8
70173;8
71711;8
72805;8
74850;8
31535;3
34621;6
24899;1
31787;3
24963;1
97833;9
73240;8
24870;1
88521;8
24885;1
41068;5
54610;7
47239;5
47259;5
41466;5
66793;10
53534;7
53539;7
50933;5
46242;5
66126;10
49828;3
51373;5
42553;5
45881;5
22880;1
97857;9
21279;3
97225;9
24793;1
31028;3
74544;8
37213;6
97268;9
73571;8
97082;9
24623;1
88299;8
37073;3
97535;9
22301;2
73491;8
22307;2
98634;16
37434;3
36466;16
37281;6
31241;3
89359;9
38709;3
22967;1
29556;3
87719;9
96152;9
86747;9
67722;7
79280;8
58739;5
77746;8
59071;5
79104;8
59514;5
77799;8
77723;8
49080;3
26316;3
65627;6
49685;3
26131;3
78141;8
76474;8
67378;7
76476;8
35638;6
67459;7
33334;5
65817;6
76599;8
76275;8
25992;1
65779;6
27804;3
97907;9
74744;8
88069;8
88079;8
73642;8
21649;3
31008;3
73345;8
51427;5
53129;5
56727;7
56651;7
51503;5
66453;10
45525;5
55743;7
53773;5
79592;8
58644;5
55571;7
49637;3
56428;7
26632;3
49811;3
56254;7
66904;7
58135;5
67746;7
26487;3
67749;7
6124;15
93188;9
92421;9
95679;9
7548;16
83059;9
83024;9
95701;9
92721;9
8491;14
6868;15
4209;14
83559;9
93109;9
4356;14
4357;14
6901;15
92726;9
94330;9
83365;9
94350;9
93494;9
17248;13
94353;9
8294;14
93466;9
84329;9
94424;9
14542;12
16766;12
94439;9
9427;14
4720;14
4895;12
9575;14
13503;11
94529;9
10559;11
9627;14
10179;11
88045;8
97848;9
25575;1
34266;6
88371;8
74238;8
97788;9
30419;3
88255;8
24782;1
15749;12
12487;11
15757;12
94139;9
3205;12
15377;12
1909;14
2736;14
26842;3
66978;7
67757;7
67827;7
26474;3
67715;7
57587;7
76848;7
58706;5
77971;8
67811;7
26441;3
26419;3
77866;8
57578;7
67295;7
77871;8
67816;7
49456;3
65620;6
51147;5
45307;5
56861;7
66578;10
42115;5
49808;3
44807;5
44799;5
48493;5
66916;7
53545;7
58300;5
26553;3
53562;7
53783;5
48432;5
79424;8
24893;1
25355;1
30171;3
30659;3
29303;3
24363;1
73111;8
36217;6
25474;1
29646;3
88171;9
36214;6
73560;8
36115;6
73579;8
36266;6
74592;8
88477;8
22765;2
21109;2
88317;8
31174;3
88450;8
24643;1
97650;9
73431;8
29336;3
21435;3
22179;2
22397;2
97258;9
97490;9
97714;9
97702;9
91631;9
74594;8
87474;9
87509;9
31228;3
91610;9
91620;9
97355;9
87749;9
22962;1
21409;3
38259;3
86491;9
87496;9
87466;9
21406;3
23821;1
23815;1
86470;9
99755;16
29576;3
91726;9
91099;9
82293;9
6526;15
91077;9
90530;9
86633;9
91347;9
82395;9
86576;9
85114;9
82387;9
82349;9
92360;9
19059;13
85120;9
19086;13
18230;13
92358;9
85088;9
39122;15
85395;9
85635;9
39288;15
7922;16
84106;9
68649;6
32289;5
61476;6
64572;6
68219;8
65824;6
35444;6
75217;8
75394;8
76698;8
59964;5
60327;6
28759;4
75177;8
27472;3
25899;1
69117;8
69118;8
71131;8
72181;8
72336;8
75417;8
64385;6
25761;1
72414;8
71154;8
28327;4
71139;8
78315;8
71735;8
64739;6
63538;6
74336;8
71706;8
74357;8
70825;8
24994;1
78467;8
63864;9
63906;9
21726;3
27449;3
73730;8
36399;6
63879;9
63860;9
71576;8
37649;3
36396;6
88518;8
24872;1
34385;6
87616;9
91456;9
87600;9
38879;15
87629;9
86750;9
91732;9
38855;15
91466;9
91735;9
86420;9
38444;3
86653;9
86675;9
91074;9
19246;13
99192;16
99707;16
91058;9
52538;5
47623;5
47625;5
53940;5
52445;5
52385;5
54453;7
47445;5
40670;5
54526;7
47059;5
47119;5
66787;10
40225;5
66773;10
41541;5
54516;7
66292;10
56767;7
45133;5
45144;5
50678;5
66625;10
49767;3
56759;7
55124;7
59556;5
35792;6
76596;8
35796;6
35716;6
55130;7
65462;6
67549;7
35630;6
49328;3
67575;7
33649;5
72297;8
78739;8
85664;9
92720;9
18276;13
93080;9
93128;9
7552;16
93158;9
84416;9
95173;9
84439;9
7546;16
83022;9
84051;9
6849;15
4178;14
4613;16
83555;9
83129;9
8427;14
4229;14
4155;14
93099;9
4103;14
84494;9
93492;9
94359;9
9355;14
84307;9
93468;9
6917;15
14547;12
8352;14
9380;14
9390;14
13595;11
1594;14
13505;11
17498;13
4938;12
94163;9
9548;14
12047;11
94032;9
85309;9
85101;9
95367;9
92345;9
82041;9
39130;15
39120;15
80539;9
91281;9
39106;15
81827;9
83626;9
7619;16
19406;13
85416;9
85410;9
18211;13
16928;12
6721;15
13129;11
13053;11
12681;11
12621;11
1896;14
3226;12
17328;13
2694;14
2953;14
2906;14
79685;8
57080;5
57368;5
77790;8
65553;6
25364;1
36043;6
36199;6
74405;8
29323;3
30519;3
30657;3
36129;6
36205;6
24259;1
31319;3
37318;16
37130;3
89077;8
24239;1
31135;3
24598;1
21217;3
37589;3
22417;2
24244;1
87538;9
73430;8
24106;1
89264;9
24103;1
97464;9
31185;3
24211;1
91465;9
73485;8
89561;8
89437;9
89364;9
86381;9
23818;1
37355;16
21395;3
21382;3
29587;3
97631;9
87484;9
91474;9
86657;9
29439;3
86938;9
82496;9
90596;9
86669;9
91358;9
29488;3
91207;9
99439;16
29484;3
82404;9
99423;16
35239;6
35579;6
72280;8
35576;6
35232;6
33617;5
72178;8
35581;6
28779;4
25826;1
35108;6
63263;6
61352;6
78194;8
76703;8
69120;8
35516;6
78665;8
69234;8
72356;8
78604;8
75223;8
31600;3
32427;5
78570;8
74867;8
63505;6
32683;5
69427;8
24980;1
63867;9
21787;3
70195;8
74399;8
70567;8
25885;1
27367;3
70180;8
70182;8
72501;8
74395;8
70329;8
71723;8
34270;6
74189;8
21710;3
34305;6
74251;8
71543;8
26802;3
49809;3
53578;7
51766;5
44369;5
48431;5
45891;5
48531;3
53844;5
53111;5
45549;5
45665;5
56736;7
45711;5
44147;5
87650;9
96132;9
86450;9
38126;3
97475;9
21514;1
86637;9
91595;9
87666;9
86759;9
91746;9
29588;3
86650;9
86856;9
86482;9
91575;9
19217;13
99765;16
86989;9
99334;16
29459;3
86947;9
98701;16
91334;9
82269;9
86911;9
29482;3
86941;9
47559;5
52146;5
41836;5
52459;5
41239;5
52399;5
54306;7
54313;7
26757;3
54318;7
40549;5
47249;5
47138;5
47279;5
40589;5
50829;5
50321;5
42579;5
50389;5
51143;5
48619;5
45139;5
71554;8
34117;6
97828;9
97922;8
24768;1
89607;8
97292;9
48143;5
57639;7
58636;5
67311;7
76473;8
49401;3
26129;3
65203;6
67161;7
55296;7
76571;8
67071;7
67112;7
